INSERT INTO categories (category_id, name, description) VALUES
('dc948efc-f7da-4071-986e-298d2f72a47d', 'Программирование', 'Основы и продвинутые языки программирования'),
('8ad051b1-460e-4022-8a53-b9899175b6dc', 'Базы данных', 'Работа с SQL и NoSQL'),
('6e16950d-4e03-49a7-95cf-189b6a642e57', 'Frontend', 'Веб-интерфейсы и UI/UX'),
('1419e06b-ca8b-4301-8a64-8388fb1f6d74', 'Backend', 'Серверная разработка'),
('ac677b4d-4ff6-4ef0-95fa-dd3661103e49', 'DevOps', 'Автоматизация и развертывание'),
('ba81343a-2e5e-4ddc-b5fd-87612f8b850f', 'Машинное обучение', 'Алгоритмы ИИ'),
('213f1120-0837-4a88-a48f-dbcd2f96f463', 'Кибербезопасность', 'Защита данных'),
('05e6a3f4-6227-4402-ae2c-3733169f929c', 'Мобильная разработка', 'iOS и Android'),
('ce91299b-ac4c-419f-8f4b-f6f611cdcf4c', 'Тестирование', 'QA и автоматизация тестов'),
('d1709257-6c89-41ff-92b5-676cf17a9316', 'Архитектура ПО', 'Дизайн систем');


INSERT INTO tags (tag_id, name) VALUES
('627d5865-aed8-4ecf-91a8-b3a45e2ebe2f', 'Базовый уровень'), ('e3c2132e-7ccd-4fe4-beef-64e9ddaf9e5b', 'Продвинутый уровень'), ('17780b2b-4863-4b93-8d1e-aa7670ef1b40', 'Профессиональный'),
('660c1724-49b1-4b6c-a8a5-392232ac584a', 'Практика'), ('ab724f7a-cb6d-44a8-abf3-93bae2b88403', 'Теория'), ('8f645953-d70d-4a49-a543-cee168c713f8', 'Кейсы'),
('e761b95b-a8c4-4a97-b282-b017649cb898', 'Новичкам'), ('11089010-cbbb-4cc8-90ec-7d07bafbc1c8', 'Сертификация'), ('1d3c7944-3e62-4530-a804-9257d8d507c0', 'Проекты'),
('c8e3857a-8d1f-4cda-a75e-ea79d6bdce44', 'Анализ'), ('59655fe8-5541-4dec-a41b-ba41cbef4a5f', 'Стратегия'), ('f317a87b-f79c-4c71-b1a1-588ed07785b1', 'Лидерство'),
('ef58a04c-8ed5-4e57-8c9d-e9fc3af5ebf6', 'Инновации'), ('9a9e1ca1-1d88-49cb-bc65-6f4aff3c1165', 'Безопасность'), ('04134c2f-33b0-46b6-9d94-ff5d3d1c2d4c', 'Масштабирование'),
('af1fbd2b-93c4-4b29-8fa1-7c060203c1d8', 'Командная работа'), ('3446c44f-4089-40c4-9df7-5faafc8af366', 'Автоматизация'), ('6a28ae80-bfb0-4518-b30f-4ee3769697c8', 'Оптимизация'),
('69716286-1f79-474b-88e9-ad314f72eb86', 'Дизайн'), ('91931fa7-d539-450a-9d00-5312bac5a12f', 'Аналитика');


INSERT INTO skills (skill_id, name, description) VALUES
('4087aeb5-16f1-4e47-97b2-58c8a7803334', 'Программирование на Python', 'Написание скриптов, функций, классов; работа с библиотеками; обработка исключений и отладка кода'),
('fe7ca0a6-2b23-4729-b421-a6dfb34f6c14', 'Разработка интерфейсов React', 'Создание компонентов, хуков useState/useEffect; роутинг React Router; управление состоянием'),
('eb9e1039-824c-477b-962a-5eb8fa31c530', 'Запросы SQL', 'SELECT с JOIN, GROUP BY, подзапросы; индексация таблиц; оптимизация медленных запросов'),
('ce6f517e-ed3a-44d9-bd08-3ef7f5f9be53', 'Контейнеризация приложений', 'Создание Dockerfile; запуск контейнеров docker run; сетевые настройки и тома'),
('a00f58f9-6871-43ce-a1f5-f78857388733', 'Оркестрация Kubernetes', 'Развертывание подов, сервисов, deployments; настройка ingress; автоскейлинг'),
('e252cce1-a3d8-45c2-8460-8939cfc98d6c', 'Основы машинного обучения', 'Подготовка датасетов, обучение моделей sklearn; оценка accuracy/precision; кросс-валидация'),
('561c2e1f-04eb-4108-9578-69320b8895e7', 'Шифрование RSA', 'Генерация ключей, шифрование/дешифрование; подпись данных; работа с модульной арифметикой'),
('73abca3f-eecd-4995-9472-a5c943235963', 'Кросс-платформенная разработка', 'Создание нативных модулей React Native; работа с Expo; публикация в App Store/Google Play'),
('8f77dc63-e04d-4954-84e4-f2afb91a579d', 'Серверная разработка Node.js', 'Создание Express сервера, middleware; работа с асинхронностью async/await; REST API'),
('692a1418-b431-45ee-8676-23d9eb21f28a', 'Администрирование PostgreSQL', 'Настройка конфигурации postgresql.conf; бэкапы pg_dump; мониторинг производительности'),
('3c4bba56-eb8f-4aea-8b37-7118066acb8b', 'Рабочие процессы Git', 'Branching стратегии GitFlow; rebase/merge; cherry-pick; разрешение конфликтов'),
('81e97512-90a9-498c-a010-cc8e214bdcc9', 'Проектирование REST API', 'Спецификация OpenAPI; обработка ошибок; версионирование API; rate limiting'),
('13bfc76a-0e00-479e-b00d-9c5605632588', 'Архитектура микросервисов', 'Разделение монолита; service mesh; event-driven архитектура; circuit breaker'),
('a7802a5b-3c91-4ab6-ae65-826ef75e8e72', 'Методология Scrum', 'Проведение спринтов, daily standup; ретроспективы; velocity измерение'),
('4f360dbb-8a27-43f5-89a4-446bf519e204', 'Типизация TypeScript', 'Интерфейсы, типы, generics; strict mode; декларативная типизация пропсов'),
('73cfcf8c-b834-4de4-b40a-e39c3d3083df', 'Системное администрирование Linux', 'Управление пользователями/правами; cron задачи; мониторинг системных ресурсов'),
('92383d3d-a557-4403-9623-d9ffa9e85dde', 'CI/CD пайплайны', 'Настройка Jenkins/GitHub Actions; этапы build/test/deploy; артефакты'),
('763fbb83-fd73-4fae-b2fd-ab2459565d8b', 'Запросы GraphQL', 'Создание схем, resolvers; Apollo Client/Server; подписки real-time'),
('fa609057-70d9-4a0d-9b66-afbfca0af781', 'Облачные сервисы AWS', 'EC2, S3, RDS; IAM роли; CloudFormation инфраструктура как код'),
('f32622d7-00e5-452d-be94-820765c2a611', 'Юнит-тестирование', 'TDD подход; Jest/Mocha; мокирование зависимостей; покрытие кода'),
('ad70f4c6-d985-4792-b5a6-8b4e89937af8', 'Оптимизация производительности', 'Профилирование CPU/memory; lazy loading; кэширование Redis'),
('1d842fbb-6fca-4ca6-9cb9-5ab9a87e1fbe', 'Индексация баз данных', 'B-tree, GIN, BRIN индексы; partial indexes; EXPLAIN ANALYZE'),
('a2c56f0f-0336-4d32-9926-5799ff611078', 'Развертывание фронтенда', 'Vercel/Netlify; статическая генерация; CDN настройка'),
('12153b89-a3e6-470e-a18d-8e25fe8ab528', 'Безопасность бэкенда', 'SQL инъекции, XSS защита; JWT аутентификация; CORS настройки'),
('4b3dbb8a-a227-4353-b966-c3b8bb34e39e', 'Дизайн мобильных интерфейсов', 'Material Design/Human Interface Guidelines; прототипирование Figma'),
('56677c06-ac58-4355-beff-cff0b3b2b09d', 'Визуализация данных', 'D3.js, Chart.js; интерактивные дашборды; реал-тайм обновления'),
('f21f11fc-20e9-4e64-9ea8-29096432dac5', 'Аутентификация API', 'OAuth2, OpenID Connect; refresh tokens; двухфакторная аутентификация'),
('c6d35f51-aaee-4f90-a152-48af114e963d', 'Паттерны проектирования', 'Singleton, Factory, Observer; SOLID принципы; рефакторинг legacy'),
('9facb459-0d55-43bd-9698-d58583b30b66', 'Масштабируемость систем', 'Горизонтальное/вертикальное масштабирование; load balancer; database sharding');


INSERT INTO lecturers (lecturer_id, name, position, bio, competencies) VALUES
('ea8b7299-c54b-4745-9f23-a1a8d21f20e9', 'Иван Петров', 'ведущий разработчик', '10 лет в IT, создал 5 коммерческих продуктов, автор 2 патентов на алгоритмы оптимизации. Преподает с 2018, подготовил 300+ специалистов. Выступал на HighLoad++ 2024.', ARRAY['5 успешных продуктов', '2 патента', '300+ учеников', 'HighLoad++ спикер']),
('89854e43-09e8-48f8-b1fa-00041417b563', 'Мария Сидорова', 'руководитель фронтенд команды', '8 лет опыта, запустила 12 веб-приложений для Fortune 500 компаний. Сертифицированный Google Developer Expert по UI/UX. Ведет блог с 50k+ подписчиков.', ARRAY['Fortune 500 проекты', 'Google Developer Expert', '50k+ подписчиков', '12 запущенных приложений']),
('ac413268-b201-4d23-b1db-50cb4c9a8a83', 'Алексей Иванов', 'DevOps архитектор', 'С 2015 автоматизировал инфраструктуру для 20+ стартапов. Сократил время деплоя с 4ч до 5мин. Кандидат технических наук по системам управления.', ARRAY['20+ стартапов', 'PhD системное управление', 'Автоматизация деплоя', 'Кандидат наук']),
('8930eb10-d5e5-404b-8285-05740e84fea1', 'Елена Козлова', 'ведущий ML инженер', 'Разработала рекомендательные системы для 3млн пользователей. Победитель Kaggle соревнований (топ-5%). Опубликовала 7 статей в журналах ВАК.', ARRAY['3млн пользователей', 'Kaggle топ-5', '7 ВАК статей', 'Рекомендательные системы']),
('71fdfc5c-ccd3-4cd9-9d41-c4dd586c51b7', 'Дмитрий Смирнов', 'руководитель службы безопасности', '15 лет в кибербезопасности, провел 50+ пентестов. Автор ГОСТ Р 34.12-2015 вклад в криптоалгоритмы. Консультировал ЦБ РФ.', ARRAY['50+ пентестов', 'ГОСТ 34.12-2015', 'ЦБ РФ консультант', '15 лет безопасности']),
('e5bd5cc1-2765-41cd-aa6c-4e3f00f8e0b6', 'Ольга Васильева', 'мобильный архитектор', '4 года React Native, 10+ приложений в топ-100 App Store. Создала внутреннюю мобильную платформу для 50k сотрудников. Tech Lead.', ARRAY['Топ-100 App Store', '50k внутренняя платформа', 'React Native Tech Lead', '10+ мобильных приложений']),
('e659c27b-cd16-415a-9167-1563b6130df9', 'Сергей Попов', 'архитектор микросервисов', 'Перевёл монолит на микросервисы для банка (1млн транзакций/день). 12 лет backend. Доктор технических наук.', ARRAY['1млн транзакций/день', 'Доктор тех. наук', 'Миграция монолит→микросервисы', 'Банковские системы']),
('1278bded-3437-4678-aabf-1be4c72fb24f', 'Анна Морозова', 'ведущий администратор БД', 'Оптимизировала Postgres кластеры до 10TB. 9 лет DBA. Создала образовательную платформу по базам данных (15k студентов).', ARRAY['10TB Postgres кластеры', '15k студентов платформы', '9 лет DBA', 'Оптимизация БД']),
('1974c65b-ebce-4c35-b0c5-4277a6479bbd', 'Михаил Кузнецов', 'fullstack архитектор', 'Создал 25+ SaaS продуктов. Победитель Hackathon Yandex 2023. Сертифицированный AWS Solutions Architect.', ARRAY['25+ SaaS продуктов', 'Hackathon Yandex 2023', 'AWS Solutions Architect', 'Fullstack архитектура']),
('abc44229-a429-4602-9492-d1561a9c6d59', 'Татьяна Леонтьева', 'руководитель QA', 'Внедрила автотесты, сократив регрессии на 95%. 11 лет тестирование. Автор книги "Автоматизация QA".', ARRAY['95% сокращение регрессий', 'Книга "Автоматизация QA"', '11 лет QA', 'Автотесты']),
('3478d80a-fe70-4947-ad6e-574b09b6ce20', 'Николай Федоров', 'облачный архитектор', 'Проектировал облачные решения для 5млн пользователей. AWS Community Hero 2025. 30+ миграций в облако.', ARRAY['5млн пользователей', 'AWS Community Hero 2025', '30+ миграций', 'Облачная архитектура']),
('41688f09-5945-436f-9eba-3e540d194153', 'Юлия Романова', 'ведущий UI/UX дизайнер', 'Создала дизайн-системы для 8 продуктов. Adobe Certified Expert. 200+ проектов интерфейсов.', ARRAY['8 дизайн-систем', 'Adobe Certified Expert', '200+ UI проектов', 'Дизайн-системы']),
('c3cf2a02-a14d-4762-93e0-2b031380dfc3', 'Павел Николаев', 'системный администратор', 'Автоматизировал инфраструктуру 100+ серверов Ansible. Red Hat Certified Engineer. 13 лет Linux.', ARRAY['100+ Ansible серверов', 'Red Hat Certified', '13 лет Linux', 'Инфраструктурная автоматизация']),
('b62e91f2-155b-4b1f-b15a-f339fe08be8f', 'Екатерина Григорьева', 'ведущий дата-сайентист', 'Разработала аналитические платформы для ритейла (оборот 50млрд руб). 6 лет Data Science. 10+ патентов.', ARRAY['50млрд аналитика', '10+ патентов', '6 лет Data Science', 'Ритейл аналитика']),
('1f0ac1e8-bf55-491c-94a0-2b4201b55e11', 'Владимир Орлов', 'архитектор ПО', 'Проектировал системы для 1млн+ пользователей. Автор 50+ статей по архитектуре. Профессор МГУ.', ARRAY['1млн+ систем', 'Профессор МГУ', '50+ статей архитектура', 'Системный дизайн']);


INSERT INTO courses (course_id, name, description, format, education_format, duration_hours, cost, discounted_cost, start_date, end_date, certificate_type, status, is_published, locations, search_vector) VALUES
('9f5fe795-f443-44b2-9d51-5eaa1dd674e2', 'Введение в программирование на Python', 'Курс для начинающих по основам Python, включая переменные, циклы, функции и простые проекты.', 'ONLINE', 'SELF_PACED', 40, 15000.00, 12000.00, '2026-03-01 00:00:00+00', '2026-05-01 00:00:00+00', 'CERTIFICATE', 'ENROLLING', true, '{}', ''::tsvector),
('0bf06bb5-0e5f-40fb-b5e0-daa93ce2f88f', 'Разработка веб-приложений на React', 'Практический курс по созданию современных интерфейсов с использованием React и Redux.', 'MIXED', 'COHORT', 60, 25000.00, NULL, '2026-04-15 00:00:00+00', '2026-07-15 00:00:00+00', 'DIPLOMA', 'ACTIVE', true, ARRAY['Москва, Ленинские горы, д. 1, корпус А', 'Москва, Ленинские горы, д. 1, корпус Б'], ''::tsvector),
('8b9a048e-0f7e-44ec-aa61-1daf39ded7d6', 'Работа с базами данных SQL', 'Изучение SQL-запросов, проектирования баз данных и оптимизации производительности.', 'OFFLINE', 'GROUP', 50, 20000.00, 18000.00, '2026-02-10 00:00:00+00', '2026-04-10 00:00:00+00', 'CERTIFICATE', 'ENROLLING', true, ARRAY['Москва, Ленинские горы, д. 1, корпус В'], ''::tsvector),
('eb7a8249-f444-4227-a61e-26c176d8a98b', 'Backend разработка на Node.js', 'Курс по созданию серверных приложений с Express, MongoDB и аутентификацией.', 'ONLINE', 'MENTORLED', 70, 30000.00, NULL, '2026-05-01 00:00:00+00', '2026-08-01 00:00:00+00', 'ATTESTATION', 'DRAFT', false, '{}', ''::tsvector),
('23b80c12-5b3a-4673-b606-fac015cebac7', 'DevOps: Docker и Kubernetes', 'Автоматизация развертывания приложений с использованием контейнеризации и оркестрации.', 'MIXED', 'COHORT', 55, 28000.00, 25000.00, '2026-03-20 00:00:00+00', '2026-06-20 00:00:00+00', 'CERTIFICATE', 'ACTIVE', true, ARRAY['Москва, Воробьёвы горы, д. 2, стр. 1'], ''::tsvector),
('7e82d257-3f32-4373-af1e-f4aba9650b12', 'Машинное обучение для начинающих', 'Основы ML: алгоритмы, модели и практические задания на Python.', 'ONLINE', 'SELF_PACED', 80, 35000.00, NULL, '2026-06-01 00:00:00+00', '2026-09-01 00:00:00+00', 'DIPLOMA', 'ENROLLING', true, '{}', ''::tsvector),
('378ff734-aa5d-4ed9-a89a-d87fc318d62e', 'Кибербезопасность: основы', 'Защита от угроз, шифрование и этичный хакинг.', 'OFFLINE', 'GROUP', 45, 22000.00, 20000.00, '2026-04-05 00:00:00+00', '2026-06-05 00:00:00+00', 'CERTIFICATE', 'ACTIVE', true, ARRAY['Москва, Ломоносовский проспект, д. 27, корпус Г', 'Москва, Ленинские горы, д. 1, корпус А'], ''::tsvector),
('f4b4bfed-656d-4293-a125-e3dcdc76b608', 'Мобильная разработка на React Native', 'Создание кросс-платформенных приложений для iOS и Android.', 'MIXED', 'MENTORLED', 65, 32000.00, NULL, '2026-07-10 00:00:00+00', '2026-10-10 00:00:00+00', 'ATTESTATION', 'ENROLLING', true, ARRAY['Москва, Ленинские горы, д. 1, корпус Б'], ''::tsvector),
('548e894d-f712-4f8d-b731-3b518711e27a', 'Автоматизированное тестирование', 'Инструменты для QA: Selenium, Jest и CI/CD интеграция.', 'ONLINE', 'SELF_PACED', 35, 18000.00, 15000.00, '2026-02-15 00:00:00+00', '2026-04-15 00:00:00+00', 'CERTIFICATE', 'ACTIVE', true, '{}', ''::tsvector),
('f7fc44cc-a2e8-46cb-924c-466ab5a15e3f', 'Архитектура ПО: паттерны и принципы', 'Дизайн систем, микросервисы и масштабируемость.', 'OFFLINE', 'GROUP', 75, 40000.00, NULL, '2026-05-20 00:00:00+00', '2026-08-20 00:00:00+00', 'DIPLOMA', 'ENROLLING', true, ARRAY['Москва, Ленинские горы, д. 1, корпус В', 'Москва, Воробьёвы горы, д. 2, стр. 1'], ''::tsvector),
('ff72f095-85ff-4846-855d-e230ef146cc0', 'Продвинутый Frontend с TypeScript', 'Типизация, продвинутые хуки и оптимизация React.', 'MIXED', 'COHORT', 50, 26000.00, 23000.00, '2026-03-10 00:00:00+00', '2026-05-10 00:00:00+00', 'CERTIFICATE', 'ACTIVE', true, ARRAY['Москва, Ломоносовский проспект, д. 27, корпус Г'], ''::tsvector),
('21eed0ca-0adb-4e21-b79d-b63414a8a9d3', 'Администрирование PostgreSQL', 'Настройка, оптимизация и бэкапы баз данных.', 'ONLINE', 'MENTORLED', 40, 19000.00, NULL, '2026-06-15 00:00:00+00', '2026-08-15 00:00:00+00', 'ATTESTATION', 'DRAFT', false, '{}', ''::tsvector),
('00ac2a4d-0306-4436-a3a3-d70621cd612c', 'CI/CD и автоматизация', 'Настройка пайплайнов в Jenkins и GitHub Actions.', 'OFFLINE', 'GROUP', 55, 27000.00, 24000.00, '2026-04-01 00:00:00+00', '2026-06-01 00:00:00+00', 'CERTIFICATE', 'ENROLLING', true, ARRAY['Москва, Ленинские горы, д. 1, корпус А'], ''::tsvector),
('415ba204-b594-44d2-8e7b-6c0c10647800', 'GraphQL для Backend', 'Создание API с Apollo Server и интеграциями.', 'MIXED', 'COHORT', 60, 29000.00, NULL, '2026-07-01 00:00:00+00', '2026-09-01 00:00:00+00', 'DIPLOMA', 'ACTIVE', true, ARRAY['Москва, Ленинские горы, д. 1, корпус Б', 'Москва, Ленинские горы, д. 1, корпус В'], ''::tsvector),
('ba103598-610e-4b5d-b3a8-413c58d31ac4', 'Облачные технологии AWS', 'Работа с EC2, S3 и облачной инфраструктурой.', 'ONLINE', 'SELF_PACED', 70, 33000.00, 30000.00, '2026-02-20 00:00:00+00', '2026-05-20 00:00:00+00', 'CERTIFICATE', 'ENROLLING', true, '{}', ''::tsvector);


INSERT INTO course_categories (course_id, category_id) VALUES
('9f5fe795-f443-44b2-9d51-5eaa1dd674e2', 'dc948efc-f7da-4071-986e-298d2f72a47d'),
('0bf06bb5-0e5f-40fb-b5e0-daa93ce2f88f', '6e16950d-4e03-49a7-95cf-189b6a642e57'),
('8b9a048e-0f7e-44ec-aa61-1daf39ded7d6', '8ad051b1-460e-4022-8a53-b9899175b6dc'),
('eb7a8249-f444-4227-a61e-26c176d8a98b', '1419e06b-ca8b-4301-8a64-8388fb1f6d74'),
('23b80c12-5b3a-4673-b606-fac015cebac7', 'ac677b4d-4ff6-4ef0-95fa-dd3661103e49'),
('7e82d257-3f32-4373-af1e-f4aba9650b12', 'ba81343a-2e5e-4ddc-b5fd-87612f8b850f'),
('378ff734-aa5d-4ed9-a89a-d87fc318d62e', '213f1120-0837-4a88-a48f-dbcd2f96f463'),
('f4b4bfed-656d-4293-a125-e3dcdc76b608', '05e6a3f4-6227-4402-ae2c-3733169f929c'),
('548e894d-f712-4f8d-b731-3b518711e27a', 'ce91299b-ac4c-419f-8f4b-f6f611cdcf4c'),
('f7fc44cc-a2e8-46cb-924c-466ab5a15e3f', 'd1709257-6c89-41ff-92b5-676cf17a9316'),
('ff72f095-85ff-4846-855d-e230ef146cc0', '6e16950d-4e03-49a7-95cf-189b6a642e57'),
('21eed0ca-0adb-4e21-b79d-b63414a8a9d3', '8ad051b1-460e-4022-8a53-b9899175b6dc'),
('00ac2a4d-0306-4436-a3a3-d70621cd612c', 'ac677b4d-4ff6-4ef0-95fa-dd3661103e49'),
('415ba204-b594-44d2-8e7b-6c0c10647800', '1419e06b-ca8b-4301-8a64-8388fb1f6d74'),
('ba103598-610e-4b5d-b3a8-413c58d31ac4', 'ac677b4d-4ff6-4ef0-95fa-dd3661103e49');


INSERT INTO course_tags (course_id, tag_id) VALUES
('9f5fe795-f443-44b2-9d51-5eaa1dd674e2', '627d5865-aed8-4ecf-91a8-b3a45e2ebe2f'),
('9f5fe795-f443-44b2-9d51-5eaa1dd674e2', '660c1724-49b1-4b6c-a8a5-392232ac584a'),
('0bf06bb5-0e5f-40fb-b5e0-daa93ce2f88f', 'e3c2132e-7ccd-4fe4-beef-64e9ddaf9e5b'),
('0bf06bb5-0e5f-40fb-b5e0-daa93ce2f88f', '1d3c7944-3e62-4530-a804-9257d8d507c0'),
('0bf06bb5-0e5f-40fb-b5e0-daa93ce2f88f', '69716286-1f79-474b-88e9-ad314f72eb86'),
('8b9a048e-0f7e-44ec-aa61-1daf39ded7d6', 'ab724f7a-cb6d-44a8-abf3-93bae2b88403'),
('8b9a048e-0f7e-44ec-aa61-1daf39ded7d6', 'c8e3857a-8d1f-4cda-a75e-ea79d6bdce44'),
('eb7a8249-f444-4227-a61e-26c176d8a98b', '17780b2b-4863-4b93-8d1e-aa7670ef1b40'),
('eb7a8249-f444-4227-a61e-26c176d8a98b', '3446c44f-4089-40c4-9df7-5faafc8af366'),
('23b80c12-5b3a-4673-b606-fac015cebac7', 'e3c2132e-7ccd-4fe4-beef-64e9ddaf9e5b'),
('23b80c12-5b3a-4673-b606-fac015cebac7', '04134c2f-33b0-46b6-9d94-ff5d3d1c2d4c'),
('23b80c12-5b3a-4673-b606-fac015cebac7', '6a28ae80-bfb0-4518-b30f-4ee3769697c8'),
('7e82d257-3f32-4373-af1e-f4aba9650b12', '627d5865-aed8-4ecf-91a8-b3a45e2ebe2f'),
('7e82d257-3f32-4373-af1e-f4aba9650b12', 'e761b95b-a8c4-4a97-b282-b017649cb898'),
('378ff734-aa5d-4ed9-a89a-d87fc318d62e', '9a9e1ca1-1d88-49cb-bc65-6f4aff3c1165'),
('378ff734-aa5d-4ed9-a89a-d87fc318d62e', 'ab724f7a-cb6d-44a8-abf3-93bae2b88403'),
('f4b4bfed-656d-4293-a125-e3dcdc76b608', '17780b2b-4863-4b93-8d1e-aa7670ef1b40'),
('f4b4bfed-656d-4293-a125-e3dcdc76b608', '660c1724-49b1-4b6c-a8a5-392232ac584a'),
('f4b4bfed-656d-4293-a125-e3dcdc76b608', '1d3c7944-3e62-4530-a804-9257d8d507c0'),
('548e894d-f712-4f8d-b731-3b518711e27a', 'e3c2132e-7ccd-4fe4-beef-64e9ddaf9e5b'),
('548e894d-f712-4f8d-b731-3b518711e27a', '3446c44f-4089-40c4-9df7-5faafc8af366'),
('f7fc44cc-a2e8-46cb-924c-466ab5a15e3f', '17780b2b-4863-4b93-8d1e-aa7670ef1b40'),
('f7fc44cc-a2e8-46cb-924c-466ab5a15e3f', 'ef58a04c-8ed5-4e57-8c9d-e9fc3af5ebf6'),
('ff72f095-85ff-4846-855d-e230ef146cc0', 'e3c2132e-7ccd-4fe4-beef-64e9ddaf9e5b'),
('ff72f095-85ff-4846-855d-e230ef146cc0', '69716286-1f79-474b-88e9-ad314f72eb86'),
('ff72f095-85ff-4846-855d-e230ef146cc0', '6a28ae80-bfb0-4518-b30f-4ee3769697c8'),
('21eed0ca-0adb-4e21-b79d-b63414a8a9d3', '17780b2b-4863-4b93-8d1e-aa7670ef1b40'),
('21eed0ca-0adb-4e21-b79d-b63414a8a9d3', 'c8e3857a-8d1f-4cda-a75e-ea79d6bdce44'),
('00ac2a4d-0306-4436-a3a3-d70621cd612c', 'e3c2132e-7ccd-4fe4-beef-64e9ddaf9e5b'),
('00ac2a4d-0306-4436-a3a3-d70621cd612c', '3446c44f-4089-40c4-9df7-5faafc8af366'),
('00ac2a4d-0306-4436-a3a3-d70621cd612c', 'af1fbd2b-93c4-4b29-8fa1-7c060203c1d8'),
('415ba204-b594-44d2-8e7b-6c0c10647800', '17780b2b-4863-4b93-8d1e-aa7670ef1b40'),
('415ba204-b594-44d2-8e7b-6c0c10647800', '1d3c7944-3e62-4530-a804-9257d8d507c0'),
('ba103598-610e-4b5d-b3a8-413c58d31ac4', 'e3c2132e-7ccd-4fe4-beef-64e9ddaf9e5b'),
('ba103598-610e-4b5d-b3a8-413c58d31ac4', '04134c2f-33b0-46b6-9d94-ff5d3d1c2d4c');


INSERT INTO course_skills (course_id, skill_id) VALUES
('9f5fe795-f443-44b2-9d51-5eaa1dd674e2', '4087aeb5-16f1-4e47-97b2-58c8a7803334'),
('9f5fe795-f443-44b2-9d51-5eaa1dd674e2', '3c4bba56-eb8f-4aea-8b37-7118066acb8b'),
('9f5fe795-f443-44b2-9d51-5eaa1dd674e2', 'f32622d7-00e5-452d-be94-820765c2a611'),
('9f5fe795-f443-44b2-9d51-5eaa1dd674e2', 'ad70f4c6-d985-4792-b5a6-8b4e89937af8'),
('0bf06bb5-0e5f-40fb-b5e0-daa93ce2f88f', 'fe7ca0a6-2b23-4729-b421-a6dfb34f6c14'),
('0bf06bb5-0e5f-40fb-b5e0-daa93ce2f88f', '4f360dbb-8a27-43f5-89a4-446bf519e204'),
('0bf06bb5-0e5f-40fb-b5e0-daa93ce2f88f', 'a2c56f0f-0336-4d32-9926-5799ff611078'),
('0bf06bb5-0e5f-40fb-b5e0-daa93ce2f88f', '56677c06-ac58-4355-beff-cff0b3b2b09d'),
('0bf06bb5-0e5f-40fb-b5e0-daa93ce2f88f', 'c6d35f51-aaee-4f90-a152-48af114e963d'),
('8b9a048e-0f7e-44ec-aa61-1daf39ded7d6', 'eb9e1039-824c-477b-962a-5eb8fa31c530'),
('8b9a048e-0f7e-44ec-aa61-1daf39ded7d6', '692a1418-b431-45ee-8676-23d9eb21f28a'),
('8b9a048e-0f7e-44ec-aa61-1daf39ded7d6', '1d842fbb-6fca-4ca6-9cb9-5ab9a87e1fbe'),
('eb7a8249-f444-4227-a61e-26c176d8a98b', '8f77dc63-e04d-4954-84e4-f2afb91a579d'),
('eb7a8249-f444-4227-a61e-26c176d8a98b', '81e97512-90a9-498c-a010-cc8e214bdcc9'),
('eb7a8249-f444-4227-a61e-26c176d8a98b', '12153b89-a3e6-470e-a18d-8e25fe8ab528'),
('eb7a8249-f444-4227-a61e-26c176d8a98b', 'f21f11fc-20e9-4e64-9ea8-29096432dac5'),
('23b80c12-5b3a-4673-b606-fac015cebac7', 'ce6f517e-ed3a-44d9-bd08-3ef7f5f9be53'),
('23b80c12-5b3a-4673-b606-fac015cebac7', 'a00f58f9-6871-43ce-a1f5-f78857388733'),
('23b80c12-5b3a-4673-b606-fac015cebac7', '92383d3d-a557-4403-9623-d9ffa9e85dde'),
('23b80c12-5b3a-4673-b606-fac015cebac7', '73cfcf8c-b834-4de4-b40a-e39c3d3083df'),
('7e82d257-3f32-4373-af1e-f4aba9650b12', 'e252cce1-a3d8-45c2-8460-8939cfc98d6c'),
('7e82d257-3f32-4373-af1e-f4aba9650b12', '56677c06-ac58-4355-beff-cff0b3b2b09d'),
('7e82d257-3f32-4373-af1e-f4aba9650b12', 'ad70f4c6-d985-4792-b5a6-8b4e89937af8'),
('7e82d257-3f32-4373-af1e-f4aba9650b12', '9facb459-0d55-43bd-9698-d58583b30b66'),
('378ff734-aa5d-4ed9-a89a-d87fc318d62e', '561c2e1f-04eb-4108-9578-69320b8895e7'),
('378ff734-aa5d-4ed9-a89a-d87fc318d62e', '12153b89-a3e6-470e-a18d-8e25fe8ab528'),
('378ff734-aa5d-4ed9-a89a-d87fc318d62e', 'f21f11fc-20e9-4e64-9ea8-29096432dac5'),
('f4b4bfed-656d-4293-a125-e3dcdc76b608', '73abca3f-eecd-4995-9472-a5c943235963'),
('f4b4bfed-656d-4293-a125-e3dcdc76b608', '4b3dbb8a-a227-4353-b966-c3b8bb34e39e'),
('f4b4bfed-656d-4293-a125-e3dcdc76b608', 'f32622d7-00e5-452d-be94-820765c2a611'),
('f4b4bfed-656d-4293-a125-e3dcdc76b608', 'ad70f4c6-d985-4792-b5a6-8b4e89937af8'),
('f4b4bfed-656d-4293-a125-e3dcdc76b608', 'c6d35f51-aaee-4f90-a152-48af114e963d'),
('548e894d-f712-4f8d-b731-3b518711e27a', 'f32622d7-00e5-452d-be94-820765c2a611'),
('548e894d-f712-4f8d-b731-3b518711e27a', '92383d3d-a557-4403-9623-d9ffa9e85dde'),
('548e894d-f712-4f8d-b731-3b518711e27a', 'ad70f4c6-d985-4792-b5a6-8b4e89937af8'),
('f7fc44cc-a2e8-46cb-924c-466ab5a15e3f', '13bfc76a-0e00-479e-b00d-9c5605632588'),
('f7fc44cc-a2e8-46cb-924c-466ab5a15e3f', 'c6d35f51-aaee-4f90-a152-48af114e963d'),
('f7fc44cc-a2e8-46cb-924c-466ab5a15e3f', '9facb459-0d55-43bd-9698-d58583b30b66'),
('f7fc44cc-a2e8-46cb-924c-466ab5a15e3f', '81e97512-90a9-498c-a010-cc8e214bdcc9'),
('ff72f095-85ff-4846-855d-e230ef146cc0', '4f360dbb-8a27-43f5-89a4-446bf519e204'),
('ff72f095-85ff-4846-855d-e230ef146cc0', 'fe7ca0a6-2b23-4729-b421-a6dfb34f6c14'),
('ff72f095-85ff-4846-855d-e230ef146cc0', 'a2c56f0f-0336-4d32-9926-5799ff611078'),
('ff72f095-85ff-4846-855d-e230ef146cc0', 'ad70f4c6-d985-4792-b5a6-8b4e89937af8'),
('21eed0ca-0adb-4e21-b79d-b63414a8a9d3', '692a1418-b431-45ee-8676-23d9eb21f28a'),
('21eed0ca-0adb-4e21-b79d-b63414a8a9d3', 'eb9e1039-824c-477b-962a-5eb8fa31c530'),
('21eed0ca-0adb-4e21-b79d-b63414a8a9d3', '1d842fbb-6fca-4ca6-9cb9-5ab9a87e1fbe'),
('21eed0ca-0adb-4e21-b79d-b63414a8a9d3', 'ad70f4c6-d985-4792-b5a6-8b4e89937af8'),
('00ac2a4d-0306-4436-a3a3-d70621cd612c', '92383d3d-a557-4403-9623-d9ffa9e85dde'),
('00ac2a4d-0306-4436-a3a3-d70621cd612c', '73cfcf8c-b834-4de4-b40a-e39c3d3083df'),
('00ac2a4d-0306-4436-a3a3-d70621cd612c', 'ce6f517e-ed3a-44d9-bd08-3ef7f5f9be53'),
('00ac2a4d-0306-4436-a3a3-d70621cd612c', 'a00f58f9-6871-43ce-a1f5-f78857388733'),
('00ac2a4d-0306-4436-a3a3-d70621cd612c', 'f32622d7-00e5-452d-be94-820765c2a611'),
('415ba204-b594-44d2-8e7b-6c0c10647800', '763fbb83-fd73-4fae-b2fd-ab2459565d8b'),
('415ba204-b594-44d2-8e7b-6c0c10647800', '81e97512-90a9-498c-a010-cc8e214bdcc9'),
('415ba204-b594-44d2-8e7b-6c0c10647800', '12153b89-a3e6-470e-a18d-8e25fe8ab528'),
('ba103598-610e-4b5d-b3a8-413c58d31ac4', 'fa609057-70d9-4a0d-9b66-afbfca0af781'),
('ba103598-610e-4b5d-b3a8-413c58d31ac4', '92383d3d-a557-4403-9623-d9ffa9e85dde'),
('ba103598-610e-4b5d-b3a8-413c58d31ac4', '9facb459-0d55-43bd-9698-d58583b30b66'),
('ba103598-610e-4b5d-b3a8-413c58d31ac4', '73cfcf8c-b834-4de4-b40a-e39c3d3083df');


INSERT INTO course_lecturers (course_id, lecturer_id) VALUES
('9f5fe795-f443-44b2-9d51-5eaa1dd674e2', 'ea8b7299-c54b-4745-9f23-a1a8d21f20e9'),
('0bf06bb5-0e5f-40fb-b5e0-daa93ce2f88f', '89854e43-09e8-48f8-b1fa-00041417b563'),
('0bf06bb5-0e5f-40fb-b5e0-daa93ce2f88f', '41688f09-5945-436f-9eba-3e540d194153'),
('8b9a048e-0f7e-44ec-aa61-1daf39ded7d6', '1278bded-3437-4678-aabf-1be4c72fb24f'),
('eb7a8249-f444-4227-a61e-26c176d8a98b', 'e659c27b-cd16-415a-9167-1563b6130df9'),
('eb7a8249-f444-4227-a61e-26c176d8a98b', '1974c65b-ebce-4c35-b0c5-4277a6479bbd'),
('23b80c12-5b3a-4673-b606-fac015cebac7', 'ac413268-b201-4d23-b1db-50cb4c9a8a83'),
('7e82d257-3f32-4373-af1e-f4aba9650b12', '8930eb10-d5e5-404b-8285-05740e84fea1'),
('7e82d257-3f32-4373-af1e-f4aba9650b12', 'b62e91f2-155b-4b1f-b15a-f339fe08be8f'),
('378ff734-aa5d-4ed9-a89a-d87fc318d62e', '71fdfc5c-ccd3-4cd9-9d41-c4dd586c51b7'),
('f4b4bfed-656d-4293-a125-e3dcdc76b608', 'e5bd5cc1-2765-41cd-aa6c-4e3f00f8e0b6'),
('f4b4bfed-656d-4293-a125-e3dcdc76b608', '41688f09-5945-436f-9eba-3e540d194153'),
('548e894d-f712-4f8d-b731-3b518711e27a', 'abc44229-a429-4602-9492-d1561a9c6d59'),
('f7fc44cc-a2e8-46cb-924c-466ab5a15e3f', '1f0ac1e8-bf55-491c-94a0-2b4201b55e11'),
('f7fc44cc-a2e8-46cb-924c-466ab5a15e3f', 'e659c27b-cd16-415a-9167-1563b6130df9'),
('ff72f095-85ff-4846-855d-e230ef146cc0', '89854e43-09e8-48f8-b1fa-00041417b563'),
('21eed0ca-0adb-4e21-b79d-b63414a8a9d3', '1278bded-3437-4678-aabf-1be4c72fb24f'),
('21eed0ca-0adb-4e21-b79d-b63414a8a9d3', 'c3cf2a02-a14d-4762-93e0-2b031380dfc3'),
('00ac2a4d-0306-4436-a3a3-d70621cd612c', 'ac413268-b201-4d23-b1db-50cb4c9a8a83'),
('415ba204-b594-44d2-8e7b-6c0c10647800', 'e659c27b-cd16-415a-9167-1563b6130df9'),
('415ba204-b594-44d2-8e7b-6c0c10647800', '1974c65b-ebce-4c35-b0c5-4277a6479bbd'),
('ba103598-610e-4b5d-b3a8-413c58d31ac4', '3478d80a-fe70-4947-ad6e-574b09b6ce20');


INSERT INTO course_sections (section_id, course_id, name, description, order_num, hours, created_at, updated_at) VALUES
('e99ca13b-1e97-4306-ab7a-60b9ab2c2487', '9f5fe795-f443-44b2-9d51-5eaa1dd674e2', 'Основы синтаксиса Python', 'Переменные, типы данных, операторы.', 1, 10, '2026-01-12T15:55:07.912858+00:00', '2026-01-12T15:55:07.912858+00:00'),
('709e6b45-5624-4e98-aa86-c5fbddde35f2', '9f5fe795-f443-44b2-9d51-5eaa1dd674e2', 'Управляющие конструкции', 'Циклы, условия, функции.', 2, 10, '2026-01-12T15:55:07.912858+00:00', '2026-01-12T15:55:07.912858+00:00'),
('52434eda-e9a8-43dd-b58d-82b9f9858699', '9f5fe795-f443-44b2-9d51-5eaa1dd674e2', 'Работа с данными', 'Списки, словари, файлы.', 3, 10, '2026-01-12T15:55:07.912858+00:00', '2026-01-12T15:55:07.912858+00:00'),
('9b6990ba-1730-4264-a735-0b58ca11f85a', '9f5fe795-f443-44b2-9d51-5eaa1dd674e2', 'Проекты и отладка', 'Простые проекты и отладка кода.', 4, 10, '2026-01-12T15:55:07.912858+00:00', '2026-01-12T15:55:07.912858+00:00'),
('42a26022-1d65-4dd2-af92-16f6d7cbe83f', '0bf06bb5-0e5f-40fb-b5e0-daa93ce2f88f', 'Введение в React', 'Компоненты и JSX.', 1, 15, '2026-01-12T15:55:07.912858+00:00', '2026-01-12T15:55:07.912858+00:00'),
('e97deb19-7dd4-4449-823e-a7ffafbe0762', '0bf06bb5-0e5f-40fb-b5e0-daa93ce2f88f', 'Состояние и хуки', 'useState, useEffect.', 2, 15, '2026-01-12T15:55:07.912858+00:00', '2026-01-12T15:55:07.912858+00:00'),
('6285c61a-647b-4a09-ba28-739c130459ad', '0bf06bb5-0e5f-40fb-b5e0-daa93ce2f88f', 'Роутинг и Redux', 'React Router и управление состоянием.', 3, 15, '2026-01-12T15:55:07.912858+00:00', '2026-01-12T15:55:07.912858+00:00'),
('3bae8f92-fbe4-4b2a-a2ce-fc5d86cac7ef', '0bf06bb5-0e5f-40fb-b5e0-daa93ce2f88f', 'Практические проекты', 'Создание полного приложения.', 4, 15, '2026-01-12T15:55:07.912858+00:00', '2026-01-12T15:55:07.912858+00:00'),
('c1334212-2fa8-410f-9aac-8fb61c3fdd68', '8b9a048e-0f7e-44ec-aa61-1daf39ded7d6', 'Основы SQL', 'SELECT, INSERT, UPDATE.', 1, 10, '2026-01-12T15:55:07.912858+00:00', '2026-01-12T15:55:07.912858+00:00'),
('cc5fa21b-a9ae-424a-a490-33b714dcccf1', '8b9a048e-0f7e-44ec-aa61-1daf39ded7d6', 'JOIN и агрегаты', 'JOIN, GROUP BY, HAVING.', 2, 15, '2026-01-12T15:55:07.912858+00:00', '2026-01-12T15:55:07.912858+00:00'),
('6fa55b58-0964-4905-a5f4-5e775bfe7608', '8b9a048e-0f7e-44ec-aa61-1daf39ded7d6', 'Проектирование БД', 'Нормализация, индексы.', 3, 10, '2026-01-12T15:55:07.912858+00:00', '2026-01-12T15:55:07.912858+00:00'),
('3b79e6ce-edf7-45c1-8333-f7dbb5bd9312', '8b9a048e-0f7e-44ec-aa61-1daf39ded7d6', 'Оптимизация', 'EXPLAIN, производительность.', 4, 15, '2026-01-12T15:55:07.912858+00:00', '2026-01-12T15:55:07.912858+00:00'),
('4b06957f-9a06-43db-9088-c814adc1b71f', 'eb7a8249-f444-4227-a61e-26c176d8a98b', 'Введение в Node.js', 'Основы, модули.', 1, 15, '2026-01-12T15:55:07.912858+00:00', '2026-01-12T15:55:07.912858+00:00'),
('3fd29140-722b-4db0-9041-d343fd0936aa', 'eb7a8249-f444-4227-a61e-26c176d8a98b', 'Express сервер', 'Роуты, middleware.', 2, 20, '2026-01-12T15:55:07.912858+00:00', '2026-01-12T15:55:07.912858+00:00'),
('b0810468-85d2-47c0-9316-02dee076183e', 'eb7a8249-f444-4227-a61e-26c176d8a98b', 'Работа с БД', 'MongoDB интеграция.', 3, 15, '2026-01-12T15:55:07.912858+00:00', '2026-01-12T15:55:07.912858+00:00'),
('b48d51f2-7d87-4dde-8ed0-f46c7e6dbd80', 'eb7a8249-f444-4227-a61e-26c176d8a98b', 'Аутентификация', 'JWT, безопасность.', 4, 20, '2026-01-12T15:55:07.912858+00:00', '2026-01-12T15:55:07.912858+00:00'),
('88cf2779-a213-4f19-a2e3-7ec2c7824aa9', '23b80c12-5b3a-4673-b606-fac015cebac7', 'Контейнеризация', 'Docker basics.', 1, 15, '2026-01-12T15:55:07.912858+00:00', '2026-01-12T15:55:07.912858+00:00'),
('0543bb97-5937-4779-a37d-ea6d8f20fd63', '23b80c12-5b3a-4673-b606-fac015cebac7', 'Docker продвинутый', 'Compose, networks.', 2, 15, '2026-01-12T15:55:07.912858+00:00', '2026-01-12T15:55:07.912858+00:00'),
('deaaf944-2183-4d6d-b559-fd37b2487132', '23b80c12-5b3a-4673-b606-fac015cebac7', 'Kubernetes intro', 'Pods, services.', 3, 15, '2026-01-12T15:55:07.912858+00:00', '2026-01-12T15:55:07.912858+00:00'),
('eeef8822-01b5-433c-a6de-f044ad70e1cd', '23b80c12-5b3a-4673-b606-fac015cebac7', 'K8s advanced', 'Deployments, ingress.', 4, 10, '2026-01-12T15:55:07.912858+00:00', '2026-01-12T15:55:07.912858+00:00'),
('4ee5b320-746a-454e-8157-8059f6f31a4c', '7e82d257-3f32-4373-af1e-f4aba9650b12', 'Введение в ML', 'Концепции, типы моделей.', 1, 20, '2026-01-12T15:55:07.912858+00:00', '2026-01-12T15:55:07.912858+00:00'),
('1f083983-dea5-41d0-8c60-407b54c833aa', '7e82d257-3f32-4373-af1e-f4aba9650b12', 'Подготовка данных', 'Datasets, preprocessing.', 2, 20, '2026-01-12T15:55:07.912858+00:00', '2026-01-12T15:55:07.912858+00:00'),
('8d618e5d-6ce4-48c6-8c20-c8c5b12fd0d5', '7e82d257-3f32-4373-af1e-f4aba9650b12', 'Алгоритмы', 'Regression, classification.', 3, 20, '2026-01-12T15:55:07.912858+00:00', '2026-01-12T15:55:07.912858+00:00'),
('b5a80f45-f63c-4a9f-953a-392faf540ffb', '7e82d257-3f32-4373-af1e-f4aba9650b12', 'Оценка и проекты', 'Metrics, practical tasks.', 4, 20, '2026-01-12T15:55:07.912858+00:00', '2026-01-12T15:55:07.912858+00:00'),
('9f2afce0-6412-4045-a7de-95be9799bcae', '378ff734-aa5d-4ed9-a89a-d87fc318d62e', 'Основы безопасности', 'Угрозы, риски.', 1, 10, '2026-01-12T15:55:07.912858+00:00', '2026-01-12T15:55:07.912858+00:00'),
('0d4b73d4-85ea-4fe6-b82c-b42ccdaa1798', '378ff734-aa5d-4ed9-a89a-d87fc318d62e', 'Шифрование', 'RSA, AES.', 2, 15, '2026-01-12T15:55:07.912858+00:00', '2026-01-12T15:55:07.912858+00:00'),
('0ae6fa10-d750-4744-8092-c8bdb14bfa75', '378ff734-aa5d-4ed9-a89a-d87fc318d62e', 'Защита сетей', 'Firewalls, VPN.', 3, 10, '2026-01-12T15:55:07.912858+00:00', '2026-01-12T15:55:07.912858+00:00'),
('373ac213-80f5-4bd9-b65d-17f773de5f60', '378ff734-aa5d-4ed9-a89a-d87fc318d62e', 'Этичный хакинг', 'Pentesing basics.', 4, 10, '2026-01-12T15:55:07.912858+00:00', '2026-01-12T15:55:07.912858+00:00'),
('04244f27-28f3-4454-9d3b-1687fd83cd67', 'f4b4bfed-656d-4293-a125-e3dcdc76b608', 'Введение в RN', 'Components, navigation.', 1, 15, '2026-01-12T15:55:07.912858+00:00', '2026-01-12T15:55:07.912858+00:00'),
('b9250dee-b937-4540-9768-e74b439202fb', 'f4b4bfed-656d-4293-a125-e3dcdc76b608', 'Нативные модули', 'Expo, native integrations.', 2, 20, '2026-01-12T15:55:07.912858+00:00', '2026-01-12T15:55:07.912858+00:00'),
('2d846f8f-c79f-47b4-91f4-d94e95bd9be6', 'f4b4bfed-656d-4293-a125-e3dcdc76b608', 'UI дизайн', 'Styles, themes.', 3, 15, '2026-01-12T15:55:07.912858+00:00', '2026-01-12T15:55:07.912858+00:00'),
('bddd57b0-f859-4e90-8dbf-254b48621825', 'f4b4bfed-656d-4293-a125-e3dcdc76b608', 'Публикация', 'App stores deployment.', 4, 15, '2026-01-12T15:55:07.912858+00:00', '2026-01-12T15:55:07.912858+00:00'),
('a09a9f98-0b64-4ebf-b669-482d0af48ac0', '548e894d-f712-4f8d-b731-3b518711e27a', 'Основы QA', 'Types of tests.', 1, 10, '2026-01-12T15:55:07.912858+00:00', '2026-01-12T15:55:07.912858+00:00'),
('e9eb7fba-acb2-4794-8645-91fa384d87b2', '548e894d-f712-4f8d-b731-3b518711e27a', 'Unit tests', 'Jest, Mocha.', 2, 10, '2026-01-12T15:55:07.912858+00:00', '2026-01-12T15:55:07.912858+00:00'),
('f9d17f50-0349-4118-98d5-80a2d5bc8117', '548e894d-f712-4f8d-b731-3b518711e27a', 'E2E tests', 'Selenium.', 3, 10, '2026-01-12T15:55:07.912858+00:00', '2026-01-12T15:55:07.912858+00:00'),
('fcdb7464-eb0a-4bc0-8faa-0072dcddea58', '548e894d-f712-4f8d-b731-3b518711e27a', 'CI integration', 'Pipelines.', 4, 5, '2026-01-12T15:55:07.912858+00:00', '2026-01-12T15:55:07.912858+00:00'),
('cae5d2a6-d1be-415c-adf8-3fc902878d44', 'f7fc44cc-a2e8-46cb-924c-466ab5a15e3f', 'Паттерны дизайна', 'SOLID, GoF patterns.', 1, 20, '2026-01-12T15:55:07.912858+00:00', '2026-01-12T15:55:07.912858+00:00'),
('01cb6743-fa29-4385-804e-332b6062d288', 'f7fc44cc-a2e8-46cb-924c-466ab5a15e3f', 'Микросервисы', 'Decomposition, communication.', 2, 20, '2026-01-12T15:55:07.912858+00:00', '2026-01-12T15:55:07.912858+00:00'),
('52eac5c3-00f2-4ea4-96c7-fb7cb9fb428a', 'f7fc44cc-a2e8-46cb-924c-466ab5a15e3f', 'Масштабируемость', 'Scaling strategies.', 3, 15, '2026-01-12T15:55:07.912858+00:00', '2026-01-12T15:55:07.912858+00:00'),
('2c7764f4-8d1f-440e-9883-c8cea06c7251', 'f7fc44cc-a2e8-46cb-924c-466ab5a15e3f', 'Case studies', 'Real-world examples.', 4, 20, '2026-01-12T15:55:07.912858+00:00', '2026-01-12T15:55:07.912858+00:00'),
('89c55c4d-bd48-448e-80f6-4698ddff2c2d', 'ff72f095-85ff-4846-855d-e230ef146cc0', 'TypeScript basics', 'Types, interfaces.', 1, 10, '2026-01-12T15:55:07.912858+00:00', '2026-01-12T15:55:07.912858+00:00'),
('f1bfa787-9df0-471e-8173-36b6246019c7', 'ff72f095-85ff-4846-855d-e230ef146cc0', 'Advanced TS', 'Generics, decorators.', 2, 15, '2026-01-12T15:55:07.912858+00:00', '2026-01-12T15:55:07.912858+00:00'),
('12b65f8e-beab-44ca-847f-6a52a75b87fb', 'ff72f095-85ff-4846-855d-e230ef146cc0', 'React with TS', 'Typed components.', 3, 15, '2026-01-12T15:55:07.912858+00:00', '2026-01-12T15:55:07.912858+00:00'),
('3561b2d3-4d68-4c1c-a24a-1e7d55e3d066', 'ff72f095-85ff-4846-855d-e230ef146cc0', 'Optimization', 'Performance tips.', 4, 10, '2026-01-12T15:55:07.912858+00:00', '2026-01-12T15:55:07.912858+00:00'),
('20ac2ce2-5c48-4621-a8b8-1903d1cf7f05', '21eed0ca-0adb-4e21-b79d-b63414a8a9d3', 'Установка и config', 'Setup, postgresql.conf.', 1, 10, '2026-01-12T15:55:07.912858+00:00', '2026-01-12T15:55:07.912858+00:00'),
('f54d0cf0-8110-4275-9c21-1b9f0465fea8', '21eed0ca-0adb-4e21-b79d-b63414a8a9d3', 'Backups', 'pg_dump, recovery.', 2, 10, '2026-01-12T15:55:07.912858+00:00', '2026-01-12T15:55:07.912858+00:00'),
('fd03a213-a8c4-4ff3-bda4-88095d93f7ce', '21eed0ca-0adb-4e21-b79d-b63414a8a9d3', 'Monitoring', 'Performance tuning.', 3, 10, '2026-01-12T15:55:07.912858+00:00', '2026-01-12T15:55:07.912858+00:00'),
('21ddccc4-c6db-435d-863d-c69f7e474c0b', '21eed0ca-0adb-4e21-b79d-b63414a8a9d3', 'Advanced features', 'Extensions, replication.', 4, 10, '2026-01-12T15:55:07.912858+00:00', '2026-01-12T15:55:07.912858+00:00'),
('e0cd777c-c31f-4998-b387-63c2ffd32657', '00ac2a4d-0306-4436-a3a3-d70621cd612c', 'CI basics', 'Build, test stages.', 1, 15, '2026-01-12T15:55:07.912858+00:00', '2026-01-12T15:55:07.912858+00:00'),
('1dfb3c11-6e90-4d8a-a13b-a44874c7a691', '00ac2a4d-0306-4436-a3a3-d70621cd612c', 'Jenkins setup', 'Pipelines.', 2, 15, '2026-01-12T15:55:07.912858+00:00', '2026-01-12T15:55:07.912858+00:00'),
('1713597c-d50f-4c25-b404-d16d4ac1275f', '00ac2a4d-0306-4436-a3a3-d70621cd612c', 'GitHub Actions', 'Workflows.', 3, 15, '2026-01-12T15:55:07.912858+00:00', '2026-01-12T15:55:07.912858+00:00'),
('613898e0-4c48-4a94-bb41-2e7a66fe357c', '00ac2a4d-0306-4436-a3a3-d70621cd612c', 'Best practices', 'Security, optimization.', 4, 10, '2026-01-12T15:55:07.912858+00:00', '2026-01-12T15:55:07.912858+00:00'),
('37ca663c-533b-4a48-92f4-25e7922d0856', '415ba204-b594-44d2-8e7b-6c0c10647800', 'GraphQL intro', 'Schemas, queries.', 1, 15, '2026-01-12T15:55:07.912858+00:00', '2026-01-12T15:55:07.912858+00:00'),
('1757a0ec-4daa-425c-9845-d215e65a9d8e', '415ba204-b594-44d2-8e7b-6c0c10647800', 'Resolvers', 'Data fetching.', 2, 15, '2026-01-12T15:55:07.912858+00:00', '2026-01-12T15:55:07.912858+00:00'),
('90849ee4-20e1-4b23-b335-264ec80d3ca8', '415ba204-b594-44d2-8e7b-6c0c10647800', 'Apollo Server', 'Setup, integrations.', 3, 15, '2026-01-12T15:55:07.912858+00:00', '2026-01-12T15:55:07.912858+00:00'),
('07650d5f-1025-4d74-9acc-d5e635caadcb', '415ba204-b594-44d2-8e7b-6c0c10647800', 'Subscriptions', 'Real-time.', 4, 15, '2026-01-12T15:55:07.912858+00:00', '2026-01-12T15:55:07.912858+00:00'),
('94616611-2f9f-4f38-a073-4ada9bf053c4', 'ba103598-610e-4b5d-b3a8-413c58d31ac4', 'AWS basics', 'EC2, S3.', 1, 15, '2026-01-12T15:55:07.912858+00:00', '2026-01-12T15:55:07.912858+00:00'),
('7cdbe9f9-2c9a-4071-8ef4-66a1333f3890', 'ba103598-610e-4b5d-b3a8-413c58d31ac4', 'Databases', 'RDS, DynamoDB.', 2, 20, '2026-01-12T15:55:07.912858+00:00', '2026-01-12T15:55:07.912858+00:00'),
('5f38afbe-e79f-4ba1-85e6-4f4613f1dd0c', 'ba103598-610e-4b5d-b3a8-413c58d31ac4', 'Security', 'IAM, VPC.', 3, 15, '2026-01-12T15:55:07.912858+00:00', '2026-01-12T15:55:07.912858+00:00'),
('84acd77e-0233-4df9-8866-880f86b2e7a2', 'ba103598-610e-4b5d-b3a8-413c58d31ac4', 'IaC', 'CloudFormation.', 4, 20, '2026-01-12T15:55:07.912858+00:00', '2026-01-12T15:55:07.912858+00:00');